{
  "test_case": "S0008 - Whitespace",
  "candidate": "   Leading and trailing spaces   ",
  "reference": "Leading and trailing spaces",
  "python": {
    "cand_ids": [
      0,
      32258,
      154,
      8,
      12564,
      5938,
      2
    ],
    "ref_ids": [
      0,
      32258,
      154,
      8,
      12564,
      5938,
      2
    ],
    "cand_emb_shape": [
      7,
      1024
    ],
    "ref_emb_shape": [
      7,
      1024
    ],
    "sim_matrix": [
      [
        1.0,
        0.5685266852378845,
        0.6946057677268982,
        0.7217512726783752,
        0.5790504813194275,
        0.5857816338539124,
        0.7779501080513
      ],
      [
        0.5685266852378845,
        0.9999999403953552,
        0.8365185260772705,
        0.8019883036613464,
        0.8650484085083008,
        0.7692902684211731,
        0.7534551024436951
      ],
      [
        0.6946057677268982,
        0.8365185260772705,
        1.0,
        0.8617738485336304,
        0.8109256029129028,
        0.820339560508728,
        0.841895341873169
      ],
      [
        0.7217512726783752,
        0.8019883036613464,
        0.8617738485336304,
        1.0,
        0.7954336404800415,
        0.8075581192970276,
        0.8321954011917114
      ],
      [
        0.5790504813194275,
        0.8650484085083008,
        0.8109256029129028,
        0.7954336404800415,
        0.9999997615814209,
        0.766531765460968,
        0.7673313021659851
      ],
      [
        0.5857816338539124,
        0.7692902684211731,
        0.820339560508728,
        0.8075581192970276,
        0.766531765460968,
        1.0,
        0.7848549485206604
      ],
      [
        0.7779501080513,
        0.7534551024436951,
        0.841895341873169,
        0.8321954011917114,
        0.7673313021659851,
        0.7848549485206604,
        1.000000238418579
      ]
    ],
    "P": 0.9999998807907104,
    "R": 0.9999998807907104,
    "F1": 0.9999998807907104,
    "P_official": 1.0,
    "R_official": 1.0,
    "F1_official": 1.0
  },
  "rust": {
    "P": 1.0,
    "R": 1.0,
    "F1": 1.0
  }
}