{
  "test_case": "S0020 - Large difference",
  "candidate": "Yes.",
  "reference": "No.",
  "python": {
    "cand_ids": [
      0,
      9904,
      4,
      2
    ],
    "ref_ids": [
      0,
      3084,
      4,
      2
    ],
    "cand_emb_shape": [
      4,
      1024
    ],
    "ref_emb_shape": [
      4,
      1024
    ],
    "sim_matrix": [
      [
        0.9996944069862366,
        0.8530423641204834,
        0.7674941420555115,
        0.938302755355835
      ],
      [
        0.8259903788566589,
        0.947168231010437,
        0.6878865957260132,
        0.7862683534622192
      ],
      [
        0.7673103213310242,
        0.7389718890190125,
        0.999988853931427,
        0.7622013092041016
      ],
      [
        0.9431573152542114,
        0.8208817839622498,
        0.7610384225845337,
        0.9991498589515686
      ]
    ],
    "P": 0.9735785722732544,
    "R": 0.9735785722732544,
    "F1": 0.9735785722732544,
    "P_official": 0.9945029616355896,
    "R_official": 0.9945029616355896,
    "F1_official": 0.9945029616355896
  },
  "rust": {
    "P": 0.9309759,
    "R": 0.9309759,
    "F1": 0.9309759
  }
}