{
  "test_case": "Identical - should be 1.0",
  "candidate": "Hello world",
  "reference": "Hello world",
  "python": {
    "cand_ids": [
      0,
      31414,
      232,
      2
    ],
    "ref_ids": [
      0,
      31414,
      232,
      2
    ],
    "cand_emb_shape": [
      4,
      1024
    ],
    "ref_emb_shape": [
      4,
      1024
    ],
    "sim_matrix": [
      [
        1.0,
        0.7115800976753235,
        0.7382839918136597,
        0.7680027484893799
      ],
      [
        0.7115800976753235,
        1.0000001192092896,
        0.9136165380477905,
        0.8130131363868713
      ],
      [
        0.7382839918136597,
        0.9136165380477905,
        0.9999999403953552,
        0.8431495428085327
      ],
      [
        0.7680027484893799,
        0.8130131363868713,
        0.8431495428085327,
        0.9999998807907104
      ]
    ],
    "P": 1.0,
    "R": 1.0,
    "F1": 1.0,
    "P_official": 0.9999999403953552,
    "R_official": 0.9999999403953552,
    "F1_official": 0.9999999403953552
  },
  "rust": {
    "P": 0.99999976,
    "R": 0.99999976,
    "F1": 0.99999976
  }
}