{
  "test_case": "S0012 - Worst F1 difference",
  "candidate": "OK",
  "reference": "Okay",
  "python": {
    "cand_ids": [
      0,
      9335,
      2
    ],
    "ref_ids": [
      0,
      33082,
      2
    ],
    "cand_emb_shape": [
      3,
      1024
    ],
    "ref_emb_shape": [
      3,
      1024
    ],
    "sim_matrix": [
      [
        0.9999834299087524,
        0.6731758117675781,
        0.7536972165107727
      ],
      [
        0.6894157528877258,
        0.9424545764923096,
        0.8162901997566223
      ],
      [
        0.7590932846069336,
        0.8171632885932922,
        0.9993524551391602
      ]
    ],
    "P": 0.9424545764923096,
    "R": 0.9424545764923096,
    "F1": 0.9424545764923096,
    "P_official": 0.998344361782074,
    "R_official": 0.998344361782074,
    "F1_official": 0.998344361782074
  },
  "rust": {
    "P": 0.90324515,
    "R": 0.90324515,
    "F1": 0.90324515
  }
}